species,role
Acentrella turbida,source
Acronicta grisea,source
Acronicta hasta,target
Admontia grandicornis,target
Aedes increpitus,source
Aedes japonicus,target
Aethalura punctulata,target
Aethes interruptofasciata,source
Aethes rutilana,source
Agabus ajax,source
Agaraea inconspicua,target
Agonopterix ciliella,target
Agonopterix kaekeritziana,source
Agrius cingulata,source
Aidos perfusa,source
Allantus cinctus,target
Alliopsis fractiseta,source
Alysson spinosus,source
Amegilla calens,target
Ameletus inopinatus,source
Ampedus fusculus,source
Aneugmenus padi,source
Anopheles punctipennis,source
Antanartia dimorphica,source
Antepione thisoaria,target
Anthela acuta,source
Antherophagus pallens,target
Anthonomus pedicularius,target
Anthrenus fuscus,source
Antispila treitschkiella,source
Apamea crenata,target
Apamea ophiogramma,target
Aphelia paleana,source
Apis dorsata,target
Arctia parthenos,target
Arctornis intacta,source
Arethusana arethusa,source
Arteurotia tractipennis,source
Asturodes bioalfae,source
Athalia lugens,source
Athripsodes cinereus,source
Aulonothroscus constrictor,target
Baetisca laurentina,target
Balclutha abdominalis,target
Blastobasis phaedra,source
Blepharomastix ianthealis,source
Boletina nitiduloides,target
Boloria dia,target
Bombus kirbiellus,source
Bombus lucorum,target
Bostrichus saxeseni,target
Brachycaudus cardui,source
Brachypalpus oarus,source
Bradysia trivittata,source
Brassicogethes aeneus,source
Calaphis flava,source
Callidium violaceum,source
Callionima denticulata,target
Callopistria juventina,source
Camponotus pennsylvanicus,source
Cantharis livida,source
Cantharis pellucida,target
Carales astur,source
Carcharodus lavatherae,target
Carteris lineata,target
Cassida rubiginosa,source
Catocala nymphagoga,target
Catocala semirelicta,source
Cecrita perplexa,target
Cerastis rubricosa,source
Ceratapion gibbirostre,source
Ceriagrion coromandelianum,target
Cerodontha longipennis,source
Cerura vinula,source
Chiasmia clathrata,target
Chironomus dilutus,source
Chlamydastis arenaria,target
Chlamydastis carlosviquezi,source
Chloroclystis insigillata,target
Chrysomela elongata,source
Chrysops furcatus,target
Citheronioides lamata,target
Coleophora flavipennella,target
Colobochyla interpuncta,source
Colostygia aqueata,source
Conchylodes nolckenialis,source
Condica cupentia,source
Condica illecta,target
Condylostylus patibulatus,source
Contacyphon coarctatus,source
Coproica hirtula,target
Corticaria rubripes,target
Corticea lysias,source
Corynotricha antipodella,target
Cosmia pyralina,source
Crambidia casta,target
Crassa tinctella,target
Cropia rivulosa,source
Crossocerus elongatulus,source
Cryptocephalus pusillus,source
Cryptophion guillermoiB,target
Ctenochira haemosterna,target
Culex annulirostris,target
Culicoides orientalis,source
Dasyphora canadiana,source
Delphyre testacea,source
Denticucullus pygmina,target
Deporaus betulae,source
Diamesa hyperborea,target
Dichomeris flavocostella,target
Dioryctria pseudotsugella,source
Dolerus cothurnatus,target
Dryocampa rubicunda,target
Dyops cuprescens,target
Eccoptogaster intricata,target
Ectoedemia rubivora,target
Eilema griseola,target
Eiphosoma dolopon,source
Endothenia gentianaeana,target
Ephemerella subvaria,target
Epinotia mercuriana,target
Epiperola vaferella,target
Eratoneura certa,target
Erebia youngi,target
Ethmia baliostola,target
Eucereon baleris,source
Euclea chiriquensis,source
Euglyphis scaptia,source
Eugnosta sartana,target
Euodynerus notatus,source
Eupithecia nimbicolor,target
Eurois occulta,source
Eutrichapion viciae,target
Euura brevivalvis,target
Euxesta notata,target
Euxoa intrita,source
Euxoa obelisca,source
Exocentrus adspersus,source
Fannia spathiophora,target
Fisera hypoleuca,target
Frankliniella occidentalis,source
Garrha ocellifera,source
Gasteruption assectator,target
Gonioctena quinquepunctata,source
Gretchena delicatana,target
Gryllus pennsylvanicus,source
Gymnelia ethodaea,source
Hadena albimacula,target
Hamadryas saurites,source
Hedya salicella,target
Helicoverpa punctigera,source
Helotropha leucostigma,source
Hemerobius pinidumus,source
Hemiceras alba,target
Hemiceras indistans,source
Heorta pulchra,source
Hercostomus unicolor,source
Herminia pedipilalis,source
Herpetogramma phaeopteralis,source
Hydrelia albifera,target
Hydropsyche siltalai,target
Hydrotaea dentipes,source
Hylaeus laetus,target
Hylaeus mesillae,source
Hylesia rufipes,source
Hypena edictalis,source
Hypomicrogaster rugosus,target
Idaea halmaea,source
Idaea ochrata,target
Idaea trigeminata,source
Isadelphus inimicus,target
Isoperla montana,target
Ixylasia schausi,target
Judolia montivagans,source
Lamprostola aglaope,source
Lasioglossum creberrimum,target
Lesmone aemylia,target
Lesmone gentilis,source
Lesteva longoelytrata,source
Lestica confluenta,source
Lethe anthedon,source
Limnephilus ademus,source
Limnephilus extractus,target
Lirimiris lignitecta,target
Lobobunaea phaedusa,source
Lygropia cernalis,source
Macaria adonis,source
Marimatha nigrofimbria,target
Megaselia baileyae,target
Megaselia eccoptomera,source
Megaselia ilca,source
Melanolophia imitata,source
Melanterius acaciae,target
Melittobia australica,source
Memphis moruus,target
Metaphycus lounsburyi,source
Metarranthis angularia,target
Microcephalothrips abdominalis,source
Micropsectra polita,target
Micrurapteryx occulta,target
Mimumesa dahlbomi,target
Mocis alterna,source
Monochroa suffusella,source
Monostegia abdominalis,target
Mordellistena neuwaldeggiana,source
Mulsantina picta,source
Mycetophila gemerensis,target
Mythimna ferrago,source
Mythimna impura,source
Myzodium modestum,target
Nematus incompletus,target
Nemorimyza posticata,target
Neocrepidodera transversa,target
Neodactria luteolellus,target
Nicrophorus humator,target
Noctua fimbriata,source
Nudaria mundana,source
Ocypus brunnipes,source
Odontomachus chelifer,source
Oecetis persimilis,target
Olibrus semistriatus,target
Ophonus melletii,source
Orgyia definita,target
Orthocentrus winnertzii,target
Orthocladius dorenus,target
Orthocladius oblidens,target
Orthocladius oliveri,target
Osmia caerulescens,source
Oxidercia thaumantis,target
Oxybelus haemorrhoidalis,target
Pachynematus clitellatus,target
Paectes oculatrix,source
Panzeria sulcocarina,target
Paraleptophlebia submarginata,source
Parancistrocerus pedestris,source
Parides mylotes,source
Pasiphila debiliata,source
Pasiphila rectangulata,target
Passaloecus singularis,target
Pelochrista agricolana,target
Pericyma atrifusa,target
Perimede erransella,source
Periphyllus testudinaceus,source
Pero ancetaria,target
Perola clara,target
Phaonia fuscana,source
Phaonia soccata,target
Philometra metonalis,source
Philonthus flavibasis,source
Phocides metrodorus,target
Phyllobrotica quadrimaculata,source
Phyllodesma ilicifolia,source
Phyllotreta robusta,source
Phytoliriomyza arctica,target
Pimelia subglobosa,target
Pimpla aequalis,target
Platynota flavedana,source
Platypalpus pulicarius,target
Platysenta mobilis,source
Plebejus bellieri,target
Pococera expandens,source
Pococera robustella,source
Polia nugatis,target
Polix coloradella,target
Prepona dexamenus,source
Prosimulium arvum,target
Pseudolimnophila inornata,target
Psychophasma erosa,target
Psylliodes affinis,source
Pyrgus cinarae,target
Pyrrhalta viburni,source
Ravinia planifrons,source
Rhigognostis senilella,source
Rhionaeschna marchali,target
Rhyacia quadrangula,source
Rhyacophila dorsalis,target
Rothschildia aurota,target
Rymosia signatipes,source
Sarsina festiva,source
Saurita tipulina,source
Scathophaga litorea,source
Scoparia penumbralis,source
Scopula incanata,target
Scopula luteolata,source
Scythropia crataegella,source
Selagia spadicella,target
Selatosomus pulcher,target
Simulium pseudequinum,target
Sitona lineellus,source
Smaragdina aurita,target
Sophista bifasciata,source
Speranza occiduaria,target
Spodoptera androgea,target
Stenoma baliandra,target
Stenoma completella,source
Strangalepta abbreviata,target
Stygnocoris sabulosus,target
Suillia humilis,source
Symplecta pilipes,target
Symplecta stictica,target
Syneora lithina,source
Syngamilyta samarialis,target
Synopeas pennsylvanicum,source
Tachinus rufipes,source
Tachyporus abdominalis,target
Tachyporus chrysomelinus,target
Tachysphex unicolor,target
Tanytarsus anderseni,target
Tasgius melanarius,source
Technomyrmex vitiensis,target
Tetanolita mynesalis,target
Tetragonisca angustula,source
Themira minor,target
Therioaphis trifolii,target
Thrips flavidulus,source
Trichareva fulvilaniata,source
Triphleba lugubris,target
Udea rubigalis,source
Vespula pensylvanica,target
Virbia ferruginosa,target
Xylocopa sonorina,target
Xylophanes hannemanni,source
Xylosandrus germanus,source
Zelleria hepariella,target
Zenophleps alpinata,source
Zygonyx flavicosta,target
