species,host_family
Actinote pellenea,Asteraceae
Adelpha iphicleola,Rubiaceae
Adelpha iphiclus,Rubiaceae
Aeria eurimedia,Apocynaceae
Aguna claxon,Fabaceae
Anaea aidea,Euphorbiaceae
Anastrus sempiternus,Myrtaceae
Ancyluris inca,Melastomataceae
Anthocharis euphenoides,Brassicaceae
Apallaga biseriata,Acanthaceae
Apatura iris,Salicaceae
Aphrissa statira,Fabaceae
Argynnis laodice,Violaceae
Aricia agestis,Geraniaceae
Aricia morronensis,Geraniaceae
Aricia nicias,Geraniaceae
Astraptes alardus,Fabaceae
Autochton cellus,Fabaceae
Azanus ubaldus,Fabaceae
Boloria euphrosyne,Rosaceae
Boloria thore,Violaceae
Brenthis hecate,Rosaceae
Brenthis ino,Rosaceae
Brephidium metophis,Amaranthaceae
Brintesia circe,Poaceae
Callicore lyca,Sapindaceae
Callicore pitheas,Sapindaceae
Candalides erinus,Lauraceae
Carcharodus baeticus,Lamiaceae
Carcharodus orientalis,Lamiaceae
Caria rhacotis,Cannabaceae
Carrhenes canescens,Malvaceae
Catonephele mexicana,Euphorbiaceae
Celaenorrhinus plagiatus,Acanthaceae
Celaenorrhinus proxima,Acanthaceae
Celastrina lucia,Fabaceae
Charaxes anticlea,Fabaceae
Charaxes cedreatis,Fabaceae
Charaxes etheocles,Fabaceae
Charaxes nichetes,Phyllanthaceae
Charaxes viola,Fabaceae
Charaxes virilis,Fabaceae
Chiomara georgina,Malpighiaceae
Cithaerias pireta,Marcgraviaceae
Coenonympha corinna,Poaceae
Coenonympha gardetta,Poaceae
Coenonympha rhodopensis,Poaceae
Colias alfacariensis,Fabaceae
Colias fieldii,Fabaceae
Colias phicomone,Fabaceae
Colotis ione,Capparaceae
Cupido lorquinii,Fabaceae
Cupido osiris,Fabaceae
Cymaenes odilia,Poaceae
Cymothoe caenis,Achariaceae
Cymothoe jodutta,Achariaceae
Dynamine postverta,Euphorbiaceae
Dynastor darius,Bromeliaceae
Emesis aurimna,Nyctaginaceae
Erebia aethiops,Poaceae
Erebia cassioides,Poaceae
Erebia epiphron,Poaceae
Erebia gorge,Poaceae
Erebia melampus,Poaceae
Erebia melas,Poaceae
Erebia meolans,Poaceae
Erebia mnestra,Poaceae
Erebia neoridas,Poaceae
Erebia pluto,Poaceae
Erebia rondoui,Poaceae
Erebia styx,Poaceae
Erebia tyndarus,Poaceae
Erynnis meridianus,Fagaceae
Erynnis propertius,Fagaceae
Euchloe crameri,Brassicaceae
Euchloe tagis,Brassicaceae
Euphilotes ancilla,Polygonaceae
Euphydryas desfontainii,Caprifoliaceae
Euphydryas intermedia,Caprifoliaceae
Eurema albula,Fabaceae
Euselasia chrysippe,Melastomataceae
Euselasia mystica,Myrtaceae
Fountainea eurypyle,Euphorbiaceae
Ganyra josephina,Capparaceae
Glaucopsyche melanops,Fabaceae
Gonepteryx cleopatra,Rhamnaceae
Gonepteryx farinosa,Rhamnaceae
Hades noctula,Anacardiaceae
Hamadryas guatemalena,Euphorbiaceae
Hamearis lucina,Primulaceae
Hipparchia aristaeus,Poaceae
Hipparchia statilinus,Poaceae
Hypoleria lavinia,Solanaceae
Icaricia icarioides,Fabaceae
Iphiclides feisthamelii,Rosaceae
Kirinia roxelana,Poaceae
Laeosopis roboris,Oleaceae
Leptidea duponcheli,Fabaceae
Leptidea juvernica,Fabaceae
Leucochimona lepida,Rubiaceae
Limenitis populi,Salicaceae
Limenitis reducta,Caprifoliaceae
Lycaena alciphron,Polygonaceae
Lycaena heteronea,Polygonaceae
Lysandra albicans,Fabaceae
Lysandra bellargus,Fabaceae
Lysandra coridon,Fabaceae
Lysandra hispana,Fabaceae
Mechanitis mazaeus,Solanaceae
Mechanitis polymnia,Solanaceae
Melanargia arge,Poaceae
Melanargia ines,Poaceae
Melanargia lachesis,Poaceae
Melanargia occitanica,Poaceae
Melanargia russiae,Poaceae
Melitaea arduinna,Asteraceae
Melitaea aurelia,Plantaginaceae
Melitaea britomartis,Plantaginaceae
Melitaea celadussa,Plantaginaceae
Melitaea deione,Plantaginaceae
Memphis oenomais,Euphorbiaceae
Memphis pithyusa,Euphorbiaceae
Mesenopsis melanochlora,Melastomataceae
Mesosemia carissima,Rubiaceae
Mesosemia lamachus,Rubiaceae
Metacharis victrix,Olacaceae
Mycalesis patnia,Poaceae
Mylothris jacksoni,Loranthaceae
Napaea eucharila,Bromeliaceae
Neophasia menapia,Pinaceae
Neptis rivularis,Rosaceae
Nica flavilla,Sapindaceae
Ochlodes sylvanoides,Poaceae
Ochlodes sylvanus,Poaceae
Oeneis glacialis,Poaceae
Parides childrenae,Aristolochiaceae
Parides iphidamas,Aristolochiaceae
Parides sesostris,Aristolochiaceae
Parnassius apollo,Crassulaceae
Parnassius charltonius,Papaveraceae
Parnassius smintheus,Crassulaceae
Phengaris arion,Lamiaceae
Phengaris nausithous,Rosaceae
Phengaris teleius,Rosaceae
Phyciodes batesii,Asteraceae
Phyciodes mylitta,Asteraceae
Pieris bryoniae,Brassicaceae
Pieris ergane,Brassicaceae
Pieris mannii,Brassicaceae
Pieris oleracea,Brassicaceae
Pinacopteryx eriphia,Capparaceae
Pirascca tyriotes,Melastomataceae
Plebejus argus,Fabaceae
Polygonia faunus,Betulaceae
Polygonus leo,Fabaceae
Polyommatus admetus,Fabaceae
Polyommatus celina,Fabaceae
Polyommatus damon,Fabaceae
Polyommatus dolus,Fabaceae
Polyommatus fabressei,Fabaceae
Polyommatus fulgens,Fabaceae
Polythrix mexicanus,Fabaceae
Polythrix octomaculata,Fabaceae
Prepona laertes,Fabaceae
Pyrgus cacaliae,Rosaceae
Pyrgus carthami,Malvaceae
Pyrgus cirsii,Rosaceae
Pyrgus malvoides,Rosaceae
Pyrgus serratulae,Rosaceae
Pyrgus warrenensis,Cistaceae
Pyronia bathseba,Poaceae
Pyronia cecilia,Poaceae
Pyrrhogyra neaerea,Sapindaceae
Quinta cannae,Cannaceae
Satyrium acaciae,Rosaceae
Satyrium esculi,Fagaceae
Satyrus actaea,Poaceae
Satyrus ferula,Poaceae
Siderone galanthis,Salicaceae
Spialia orbifer,Rosaceae
Spialia sertorius,Rosaceae
Symmachia rubina,Cannabaceae
Symmachia tricolor,Melastomataceae
Synapte pecta,Poaceae
Temenis laothoe,Sapindaceae
Thymelicus acteon,Poaceae
Tomares callimachus,Fabaceae
Tomares nesimachus,Fabaceae
Tomares romanovi,Fabaceae
Urbanus simplicius,Fabaceae
Zaretis ellops,Salicaceae
Zaretis itys,Salicaceae
